NAICS_Code,BEA_Sector_Code,BEA_Sector_Name,Spending_USD,Pct_of_Total,GHG_kg_CO2e,Energy_MJ,Water_gallons,Land_m2_year,GHG_Intensity_kg_per_1000USD,Energy_Intensity_MJ_per_1000USD
336411,336411,Aircraft Manufacturing,25000000000,25.0,3629999999.9999995,71250000000.0,80000000000.0,312500000.0,145.2,2850.0
336611,336611,Ship Building,22000000000,22.0,3438600000.0000005,68200000000.0,99000000000.0,334400000.0,156.3,3100.0
324110,324110,Petroleum Refineries,8000000000,8.0,2285600000.0,46400000000.0,16800000000.0,68000000.0,285.7,5800.0
336992,336992,Armored Vehicle Manufacturing,3000000000,3.0,415500000.0,8250000000.0,9300000000.0,33900000.0,138.5,2750.0
237990,237990,Heavy Construction,3000000000,3.0,295200000.0,5850000000.0,15600000000.0,127500000.0,98.4,1950.0
